CREATE DATABASE IF NOT EXISTS `trabajo-aulas-is3-grupo2`;
USE `trabajo-aulas-is3-grupo2`;
 
 -- Aulas
INSERT INTO aula (id, capacidad, edificio, numero, es_laboratorio, tiene_proyector) VALUES
(1, 50, 'Ugarte', 1, 0, 1),(2, 68, 'Ugarte', 2, 0, 1),(3, 87, 'Ugarte', 3, 1, 0),(4, 92, 'Ugarte', 4, 0, 0),(5, 88, 'Ugarte', 5, 0, 1),(6, 81, 'Ugarte', 6, 0, 0),(7, 84, 'Ugarte', 7, 0, 0),(8, 86, 'Ugarte', 8, 0, 0),
(9, 77, 'Jauretche', 1, 0, 0),(10, 80, 'Jauretche', 2, 0, 1),(11, 52, 'Jauretche', 3, 0, 0),(12, 55, 'Jauretche', 4, 0, 0),(13, 85, 'Jauretche', 5, 0, 1),(14, 71, 'Jauretche', 6, 0, 0),(15, 59, 'Jauretche', 7, 0, 0),(16, 55, 'Jauretche', 8, 1, 1),(17, 75, 'Jauretche', 9, 1, 1),
(18, 93, 'Ortiz', 1, 1, 1),(19, 61, 'Ortiz', 2, 1, 0),(20, 63, 'Ortiz', 3, 0, 0),(21, 76, 'Ortiz', 4, 0, 1),(22, 94, 'Ortiz', 5, 0, 0),(23, 75, 'Ortiz', 6, 0, 1),(24, 51, 'Ortiz', 7, 0, 0),(25, 56, 'Ortiz', 8, 0, 0);

-- Docentes
INSERT INTO docente (id, nombre) VALUES
(1, 'Nicolas Perez'),(2, 'Roberto García'),(3, 'Laura Loidi'),(4, 'Santiago Bianco'),(5, 'Jorge Golfieri'),(6, 'Alejandra Vranic'),(7, 'Gustavo Siciliano'),(8, 'Damian Santos'),(9, 'Maximiliano Santos'),(10, 'Luis Milán'),(11, 'Federico Ribeiro'),(12, 'Diego Azcurra'),(13, 'Gustavo Fernandez'),(14, 'Norberto Charczuk'),(15, 'Joan Defelippe'),(16, 'Pablo Pytel'),(17, 'Edgardo Di Dio'),(18, 'Hernan Amatriaín'),(19, 'Élida Leoni'),(20, 'Nicolás Borea'),(21, 'Solange Lescano'),(22, 'Eduardo Diez'),(23, 'Leando Rïos'),(24, 'Vanesa Plaul'),(25, 'Andrés Mombrú'),(26, 'Romina Mansilla'),(27, 'Lihuén Arscone'),(28, 'Daiana Di Stefano'),(29, 'Gabriela Parodi'),(30, 'José María Falcioni'),(31, 'Diego Cañete'),(32, 'Javier Vescio'),(33, 'Julio Balbi'),(34, 'Marcos Amaro '),(35, 'Viviana Martinovich ');

-- Estudiantes
INSERT INTO estudiante (id, nombre, year) VALUES
-- Primer año
(1, 'Juan Martínez', 1),(2, 'María González', 1),(3, 'Pablo García', 1),(4, 'Ana Rodríguez', 1),(5, 'Javier López', 1),(6, 'Laura Martín', 1),(7, 'Carlos Pérez', 1),(8, 'Andrea Sánchez', 1),(9, 'Luis Gómez', 1),(10, 'Paula Díaz', 1),(11, 'Sergio Hernández', 1),(12, 'Sandra Fernández', 1),(13, 'Miguel Pérez', 1),(14, 'Natalia López', 1),(15, 'José Martínez', 1),(16, 'Elena Ruiz', 1),(17, 'David Sánchez', 1),(18, 'Claudia Jiménez', 1),(19, 'Francisco Pérez', 1),(20, 'Carmen González', 1),(21, 'Diego Rodríguez', 1),(22, 'Patricia López', 1),(23, 'Alejandro Ruiz', 1),(24, 'Marta García', 1),(25, 'Daniel Fernández', 1),(26, 'Laura Martínez', 1),(27, 'Mario Sánchez', 1),(28, 'Beatriz Pérez', 1),(29, 'Álvaro Gómez', 1),(30, 'María José González', 1),(31, 'Juan Carlos Díaz', 1),(32, 'Sofía Ruiz', 1),(33, 'Javier Martín', 1),(34, 'Laura Fernández', 1),(35, 'Carlos Pérez', 1),(36, 'Andrea Rodríguez', 1),(37, 'Luis Sánchez', 1),(38, 'Ana García', 1),(39, 'Pablo López', 1),(40, 'María Rodríguez', 1),(41, 'Miguel González', 1),(42, 'Patricia Sánchez', 1),(43, 'Manuel Martínez', 1),(44, 'Ana Fernández', 1),(45, 'Sergio Díaz', 1),(46, 'Marta Pérez', 1),(47, 'Antonio Rodríguez', 1),(48, 'Paula Jiménez', 1),(49, 'Alejandro Ruiz', 1),(50, 'Laura Martínez', 1),(51, 'David López', 1),(52, 'María García', 1),(53, 'Javier Sánchez', 1),(54, 'Claudia Rodríguez', 1),(55, 'Francisco Pérez', 1),(56, 'Elena González', 1),(57, 'Diego Martínez', 1),(58, 'Beatriz Sánchez', 1),(59, 'José Gómez', 1),(60, 'Sandra Díaz', 1),(61, 'Daniel Ruiz', 1),(62, 'Andrea Pérez', 1),(63, 'Luis Rodríguez', 1),(64, 'Patricia Martín', 1),(65, 'Juan Fernández', 1),(66, 'Sofía López', 1),(67, 'Miguel Sánchez', 1),(68, 'Marta González', 1),(69, 'Carlos Díaz', 1),(70, 'Laura Jiménez', 1),(71, 'Mario Pérez', 1),(72, 'Carmen Rodríguez', 1),(73, 'Álvaro Martínez', 1),(74, 'María José Fernández', 1),(75, 'Juan Carlos Sánchez', 1),(76, 'Claudia Ruiz', 1),(77, 'Javier Martín', 1),(78, 'Laura Pérez', 1),(79, 'Carlos Rodríguez', 1),(80, 'Ana Sánchez', 1),(81, 'Pablo Jiménez', 1),(82, 'Natalia García', 1),(83, 'Francisco López', 1),(84, 'Beatriz Martínez', 1),(85, 'David Sánchez', 1),(86, 'Elena González', 1),(87, 'Sergio Martínez', 1),(88, 'Sandra Pérez', 1),(89, 'Miguel Fernández', 1),(90, 'Patricia Jiménez', 1),(91, 'Manuel Pérez', 1),(92, 'Andrea Martín', 1),(93, 'Luis Rodríguez', 1),(94, 'Paula González', 1),(95, 'Alejandro Díaz', 1),(96, 'Laura Sánchez', 1),(97, 'Daniel Martínez', 1),(98, 'Marta López', 1),(99, 'Antonio García', 1),(100, 'Sofía Rodríguez', 1),(101, 'Diego Pérez', 1),(102, 'Carmen Martínez', 1),(103, 'Juan Fernández', 1),(104, 'Claudia López', 1),(105, 'Javier González', 1),(106, 'María Rodríguez', 1),(107, 'Carlos Díaz', 1),(108, 'Ana Pérez', 1),(109, 'Pablo Martínez', 1),(110, 'Natalia Sánchez', 1),(111, 'Francisco Jiménez', 1),(112, 'Beatriz García', 1),(113, 'David Rodríguez', 1),(114, 'Elena Martínez', 1),(115, 'Sergio López', 1),(116, 'Sandra González', 1),(117, 'Miguel Pérez', 1),(118, 'Patricia Fernández', 1),(119, 'Manuel Díaz', 1),(120, 'Andrea Rodríguez', 1),(121, 'Luis Martínez', 1),(122, 'Paula Pérez', 1),(123, 'Alejandro Ruiz', 1),(124, 'Laura González', 1),(125, 'Daniel Díaz', 1),(126, 'Marta Martínez', 1),(127, 'Antonio López', 1),(128, 'Sofía Pérez', 1),(129, 'Diego Martín', 1),(130, 'Carmen Sánchez', 1),(131, 'Juan Rodríguez', 1),(132, 'Claudia Jiménez', 1),(133, 'Javier García', 1),(134, 'María Díaz', 1),(135, 'Carlos Martínez', 1),(136, 'Ana López', 1),(137, 'Pablo Pérez', 1),(138, 'Natalia Fernández', 1),(139, 'Francisco Rodríguez', 1),(140, 'Beatriz Martín', 1),(141, 'David González', 1),(142, 'Elena Díaz', 1),(143, 'Sergio Martínez', 1),(144, 'Sandra Pérez', 1),(145, 'Miguel Fernández', 1),(146, 'Patricia Jiménez', 1),(147, 'Manuel Pérez', 1),(148, 'Andrea Martín', 1),(149, 'Luis Rodríguez', 1),(150, 'Paula González', 1),(151, 'Alejandro Díaz', 1),(152, 'Laura Sánchez', 1),(153, 'Daniel Martínez', 1),(154, 'Marta López', 1),(155, 'Antonio García', 1),(156, 'Sofía Rodríguez', 1),(157, 'Diego Pérez', 1),(158, 'Carmen Martínez', 1),(159, 'Juan Fernández', 1),(160, 'Claudia López', 1),(161, 'Javier González', 1),(162, 'María Rodríguez', 1),(163, 'Carlos Díaz', 1),(164, 'Ana Pérez', 1),(165, 'Pablo Martínez', 1),(166, 'Natalia Sánchez', 1),(167, 'Francisco Jiménez', 1),(168, 'Beatriz García', 1),(169, 'David Rodríguez', 1),(170, 'Elena Martínez', 1),(171, 'Sergio López', 1),(172, 'Sandra González', 1),(173, 'Miguel Pérez', 1),(174, 'Patricia Fernández', 1),(175, 'Manuel Díaz', 1),(176, 'Andrea Rodríguez', 1),(177, 'Luis Martínez', 1),(178, 'Paula Pérez', 1),(179, 'Alejandro Ruiz', 1),(180, 'Laura González', 1),(181, 'Daniel Díaz', 1),(182, 'Marta Martínez', 1),(183, 'Antonio López', 1),(184, 'Sofía Pérez', 1),(185, 'Diego Martín', 1),(186, 'Carmen Sánchez', 1),(187, 'Juan Rodríguez', 1),(188, 'Claudia Jiménez', 1),(189, 'Javier García', 1),(190, 'María Díaz', 1),(191, 'Carlos Martínez', 1),(192, 'Ana López', 1),(193, 'Pablo Pérez', 1),(194, 'Natalia Fernández', 1),(195, 'Francisco Rodríguez', 1),(196, 'Beatriz Martín', 1),(197, 'David González', 1),(198, 'Elena Díaz', 1),(199, 'Sergio Martínez', 1),(200, 'Sandra Pérez', 1),
-- Segundo año
(201, 'Fernando Martínez', 2),(202, 'Diego Fernández', 2),(203, 'Santiago Rodríguez', 2),(204, 'Andrés Fernández', 2),(205, 'José Ramírez', 2),(206, 'Carlos Fernández', 2),(207, 'Sofía Rodríguez', 2),(208, 'Andrea Fernández', 2),(209, 'Luisa Rodríguez', 2),(210, 'Luis Ramírez', 2),(211, 'Gabriel Fernández', 2),(212, 'Santiago Martínez', 2),(213, 'Juan Pablo Fernández', 2),(214, 'Diego Ramírez', 2),(215, 'Andrés López', 2),(216, 'Santiago Rodríguez', 2),(217, 'Andrés Fernández', 2),(218, 'José Ramírez', 2),(219, 'Carlos Fernández', 2),(220, 'Sofía Rodríguez', 2),(221, 'Andrea Fernández', 2),(222, 'Luisa Rodríguez', 2),(223, 'Luis Ramírez', 2),(224, 'Gabriel Fernández', 2),(225, 'Santiago Martínez', 2),(226, 'Juan Pablo Fernández', 2),(227, 'Diego Ramírez', 2),(228, 'Juan Carlos Soto', 2),(229, 'Felipe García', 2),(230, 'Diego Rodríguez', 2),(231, 'Miguel Ángel Castro', 2),(232, 'Juan Pablo Martínez', 2),(233, 'Emilio Martínez', 2),(234, 'Lucas Pérez', 2),(235, 'José Manuel López', 2),(236, 'Manuel López', 2),(237, 'Luis Rodríguez', 2),(238, 'Fernando Pérez', 2),(239, 'Alejandro Rodríguez', 2),(240, 'Diego López', 2),(241, 'Carlos Rodríguez', 2),(242, 'Santiago Pérez', 2),(243, 'Luisa Rodríguez', 2),(244, 'Fernando Sánchez', 2),(245, 'José Rodríguez', 2),(246, 'Manuel Pérez', 2),(247, 'Luis Martínez', 2),(248, 'Gabriel Rodríguez', 2),(249, 'Diego Rodríguez', 2),(250, 'Miguel Ángel Pérez', 2),(251, 'Juan Pablo Sánchez', 2),(252, 'Sabrina Barbiero', 2),(253, 'Valentina Martínez', 2),(254, 'Franco Gómez', 2),(255, 'Tomás Mendoza', 2),(256, 'Florencia Suárez', 2),(257, 'Abril Morales', 2),(258, 'Celeste López', 2),(259, 'Malena Ruiz', 2),(260, 'Victoria López', 2),(261, 'Milagros Sánchez', 2),(262, 'Valentina Suárez', 2),(263, 'Sofía Morales', 2),(264, 'Valentina Díaz', 2),(265, 'Camila Alvarez', 2),(266, 'Abril Lopez', 2),(267, 'Antonella González', 2),(268, 'Tomás Sánchez', 2),(269, 'Juan Pablo Suarez', 2),(270, 'Francisco Martínez', 2),(271, 'Facundo López', 2),(272, 'Andrés Martínez', 2),(273, 'Gabriel Fernández', 2),(274, 'Santiago Martínez', 2),(275, 'Juan Pablo Fernández', 2),(276, 'Diego Ramírez', 2),(277, 'Andrés Martínez', 2),(278, 'Gabriel Fernández', 2),(279, 'Santiago Martínez', 2),(280, 'Juan Pablo Fernández', 2),(281, 'Diego Ramírez', 2),(282, 'Andrés Martínez', 2),(283, 'Gabriel Fernández', 2),(284, 'Santiago Martínez', 2),(285, 'Juan Pablo Fernández', 2),(286, 'Diego Ramírez', 2),(287, 'Andrés Martínez', 2),(288, 'Gabriel Fernández', 2),(289, 'Santiago Martínez', 2),(290, 'Juan Pablo Fernández', 2),(291, 'Diego Ramírez', 2),(292, 'Gabriel Martínez', 2),(293, 'Santiago Martínez', 2),(294, 'Juan Pablo Fernández', 2),(295, 'Diego Ramírez', 2),(296, 'Gabriel Martínez', 2),(297, 'Santiago Martínez', 2),(298, 'Juan Pablo Fernández', 2),(299, 'Diego Ramírez', 2),(300, 'Gabriel Martínez', 2),(301, 'Santiago Martínez', 2),(302, 'Juan Pablo Fernández', 2),(303, 'Diego Ramírez', 2),(304, 'Gabriel Martínez', 2),(305, 'Santiago Martínez', 2),(306, 'Juan Pablo Fernández', 2),(307, 'Diego Ramírez', 2),(308, 'Gabriel Martínez', 2),(309, 'Santiago Martínez', 2),(310, 'Juan Pablo Fernández', 2),(311, 'Diego Ramírez', 2),(312, 'Gabriel Martínez', 2),(313, 'Santiago Martínez', 2),(314, 'Juan Pablo Fernández', 2),(315, 'Diego Ramírez', 2),(316, 'Gabriel Martínez', 2),(317, 'Santiago Martínez', 2),(318, 'Juan Pablo Fernández', 2),(319, 'Diego Ramírez', 2),(320, 'Gabriel Martínez', 2),(321, 'Santiago Martínez', 2),(322, 'Diego Martínez', 2),(323, 'Gabriela Fernández', 2),(324, 'Camila Martínez', 2),(325, 'Lucía Martínez', 2),(326, 'Sofía Martínez', 2),(327, 'Agustina Rodríguez', 2),(328, 'Valentín Martínez', 2),(329, 'Julián Rodríguez', 2),(330, 'Matías López', 2),(331, 'Lucas Martínez', 2),(332, 'Martín Rodríguez', 2),(333, 'Valentina López', 2),(334, 'Camila Martínez', 2),(335, 'Valentina Pérez', 2),(336, 'Mariano López', 2),(337, 'Gabriel Martínez', 2),(338, 'Tomás Rodríguez', 2),(339, 'Facundo López', 2),(340, 'Sofía Martínez', 2),(341, 'Mariano Rodríguez', 2),(342, 'Lucas Martínez', 2),(343, 'Gabriel Rodríguez', 2),(344, 'Mariano Martínez', 2),(345, 'Joaquín López', 2),(346, 'Lucas Martínez', 2),(347, 'Gabriel Rodríguez', 2),(348, 'Mariano Martínez', 2),(349, 'Joaquín López', 2),(350, 'Lucas Martínez', 2),(351, 'Gabriel Rodríguez', 2),(352, 'Mariano Martínez', 2),(353, 'Joaquín López', 2),(354, 'Lucas Martínez', 2),(355, 'Gabriel Rodríguez', 2),(356, 'Mariano Martínez', 2),(357, 'Joaquín López', 2),(358, 'Lucas Martínez', 2),(359, 'Gabriel Rodríguez', 2),(360, 'Lucía Martínez', 2),(361, 'Tomás Martínez', 2),(362, 'Agustina Martínez', 2),(363, 'Valentina Rodríguez', 2),(364, 'Lucas Rodríguez', 2),(365, 'Nicolás Martínez', 2),(366, 'Agustina Martínez', 2),(367, 'Valentina Rodríguez', 2),(368, 'Lucas Rodríguez', 2),(369, 'Nicolás Martínez', 2),(370, 'Agustina Martínez', 2),(371, 'Valentina Rodríguez', 2),(372, 'Lucas Rodríguez', 2),(373, 'Nicolás Martínez', 2),(374, 'Agustina Martínez', 2),(375, 'Valentina Rodríguez', 2),(376, 'Lucas Rodríguez', 2),(377, 'Nicolás Martínez', 2),(378, 'Agustina Martínez', 2),(379, 'Valentina Rodríguez', 2),(380, 'Lucas Rodríguez', 2),(381, 'Nicolás Martínez', 2),(382, 'Agustina Martínez', 2),(383, 'Valentina Rodríguez', 2),(384, 'Lucas Rodríguez', 2),(385, 'Nicolás Martínez', 2),(386, 'Agustina Martínez', 2),(387, 'Valentina Rodríguez', 2),(388, 'Lucas García', 2),(389, 'Nicolás Aguirre', 2),(390, 'Agustina García', 2),(391, 'Valentina Aguirre', 2),(392, 'Lucas García', 2),(393, 'Nicolás Aguirre', 2),(394, 'Agustina García', 2),(395, 'Valentina Aguirre', 2),(396, 'Lucas García', 2),(397, 'Nicolás Aguirre', 2),(398, 'Agustina García', 2),(399, 'Valentina Aguirre', 2),(400, 'Diego García', 2),(401, 'Luis Aguirre', 2),(402, 'Joaquín García', 2),(403, 'Marcos Aguirre', 2),(404, 'Facundo García', 2),(405, 'Nicolás Aguirre', 2),(406, 'Diego García', 2),(407, 'Luis Aguirre', 2),(408, 'Joaquín García', 2),(409, 'Marcos Aguirre', 2),(410, 'Facundo García', 2),(411, 'Santiago Aguirre', 2),(412, 'Mariano García', 2),(413, 'Gabriel Aguirre', 2),(414, 'Tomás García', 2),(415, 'Facundo Aguirre', 2),(416, 'Valeria García', 2),(417, 'Ignacio García', 2),(418, 'Francisco García', 2),(419, 'Lucía García', 2),(420, 'Agustina García', 2),(421, 'Joaquín García', 2),(422, 'Mateo García', 2),(423, 'Ignacio García', 2),(424, 'Diego García', 2),(425, 'Lucía García', 2),(426, 'Agustina García', 2),(427, 'Joaquín García', 2),(428, 'Mateo García', 2),(429, 'Ignacio García', 2),(430, 'Martina García', 2),(431, 'Nicolás García', 2),(432, 'Lucía García', 2),(433, 'Agustina García', 2),(434, 'Joaquín García', 2),(435, 'Mateo García', 2),(436, 'Diego García', 2),(437, 'Lucía García', 2),(438, 'Agustina García', 2),(439, 'Joaquín García', 2),(440, 'Mateo García', 2),(441, 'Gabriel García', 2),(442, 'Matías García', 2),(443, 'Julián García', 2),(444, 'Facundo García', 2),(445, 'Luis García', 2),(446, 'Tomás García', 2),(447, 'Gabriel García', 2),(448, 'Matías García', 2),(449, 'Julián García', 2),(450, 'María Rodríguez', 2),(451, 'Ana Sofía Ramírez', 2),(452, 'Valentina López', 2),(453, 'María Fernández', 2),(454, 'Camila Rodríguez', 2),(455, 'Valentina Martínez', 2),(456, 'Juan Pablo López', 2),(457, 'Martín Pérez', 2),(458, 'Carlos Martínez', 2),(459, 'Sofía Martínez', 2),(460, 'Valentina López', 2),(461, 'María López', 2),(462, 'Ana Pérez', 2),(463, 'Carolina Martínez', 2),(464, 'Valentina Pérez', 2),(465, 'Valentina López', 2),(466, 'María Fernández', 2),(467, 'Camila Rodríguez', 2),(468, 'Valentina Martínez', 2),(469, 'Juan Pablo López', 2),(470, 'Martín Pérez', 2),(471, 'Carlos Martínez', 2),(472, 'Sofía Martínez', 2),(473, 'Valentina López', 2),(474, 'María López', 2),(475, 'Ana Pérez', 2),(476, 'Carolina Martínez', 2),(477, 'María José Morales', 2),(478, 'Carolina Fernández', 2),(479, 'Ana María Pérez', 2),(480, 'Diana Ramírez', 2),(481, 'Valentina Rodríguez', 2),(482, 'Valeria González', 2),(483, 'Martina Fernández', 2),(484, 'Ana Laura Sánchez', 2),(485, 'Isabella Martínez', 2),(486, 'Valentina Ramírez', 2),(487, 'María José Martínez', 2),(488, 'Camila Pérez', 2),(489, 'Valentina Martínez', 2),(490, 'Ana Sofía Ramírez', 2),(491, 'Valentina Fernández', 2),(492, 'Sofía Pérez', 2),(493, 'María Martínez', 2),(494, 'Ana Laura Pérez', 2),(495, 'Valentina Martínez', 2),(496, 'Valentina Rodríguez', 2),(497, 'Camila Ramírez', 2),(498, 'Andrea López', 2),(499, 'María José González', 2),(500, 'Carolina Rodríguez', 2),
-- Tercer año
(501, 'Juan Cruz Vazquez', 3),(502, 'Martín López', 3),(503, 'Lucas Rodríguez', 3),(504, 'Catalina Sánchez', 3),(505, 'Matías Castro', 3),(506, 'Rocío Alvarez', 3),(507, 'Facundo Acosta', 3),(508, 'Lautaro Medina', 3),(509, 'Ignacio Ramírez', 3),(510, 'Francisco Pérez', 3),(511, 'Matías García', 3),(512, 'Sebastián Castro', 3),(513, 'Maximiliano Pérez', 3),(514, 'Ramiro Suarez', 3),(515, 'Marcos Medina', 3),(516, 'Franco López', 3),(517, 'Facundo Rodríguez', 3),(518, 'Nicolás Suarez', 3),(519, 'Ignacio Ramírez', 3),(520, 'Malena Martínez', 3),(521, 'Milagros Rodríguez', 3),(522, 'Florencia Gonzalez', 3),(523, 'Martina Pérez', 3),(524, 'Sofía López', 3),(525, 'Valentina López', 3),(526, 'María López', 3),(527, 'Ana Pérez', 3),(528, 'Carolina Martínez', 3),(529, 'Sofía López', 3),(530, 'Valentina López', 3),(531, 'María López', 3),(532, 'Ana Pérez', 3),(533, 'Carolina Martínez', 3),(534, 'Sofía López', 3),(535, 'Valentina López', 3),(536, 'María López', 3),(537, 'Ana Pérez', 3),(538, 'Carolina Martínez', 3),(539, 'Sofía López', 3),(540, 'Valentina López', 3),(541, 'María López', 3),(542, 'Ana Pérez', 3),(543, 'Carolina Martínez', 3),(544, 'Valentina López', 3),(545, 'María López', 3),(546, 'Ana Pérez', 3),(547, 'Carolina Martínez', 3),(548, 'Valentina López', 3),(549, 'María López', 3),(550, 'Ana Pérez', 3),(551, 'Carolina Martínez', 3),(552, 'Valentina López', 3),(553, 'María López', 3),(554, 'Ana Pérez', 3),(555, 'Carolina Martínez', 3),(556, 'Valentina López', 3),(557, 'María López', 3),(558, 'Ana Pérez', 3),(559, 'Carolina Martínez', 3),(560, 'Valentina López', 3),(561, 'María López', 3),(562, 'Ana Pérez', 3),(563, 'Carolina Martínez', 3),(564, 'Valentina López', 3),(565, 'María López', 3),(566, 'Ana Pérez', 3),(567, 'Carolina Martínez', 3),(568, 'Valentina López', 3),(569, 'María López', 3),(570, 'Ana Pérez', 3),(571, 'Carolina Martínez', 3),(572, 'Valentina López', 3),(573, 'María López', 3),(574, 'Valentina Rodríguez', 3),(575, 'Santiago López', 3),(576, 'Sebastián Fernández', 3),(577, 'Mateo López', 3),(578, 'Tomás Pérez', 3),(579, 'Facundo López', 3),(580, 'Martina López', 3),(581, 'Antonella Pérez', 3),(582, 'Luciana Rodríguez', 3),(583, 'Valentina López', 3),(584, 'Catalina Pérez', 3),(585, 'Tomás Rodríguez', 3),(586, 'Joaquín López', 3),(587, 'Santiago Rodríguez', 3),(588, 'Lucía Pérez', 3),(589, 'Valentina López', 3),(590, 'Camila Pérez', 3),(591, 'Valentina Rodríguez', 3),(592, 'Juan Manuel López', 3),(593, 'Valentina Martínez', 3),(594, 'Valentina López', 3),(595, 'Camila Pérez', 3),(596, 'Lucía Rodríguez', 3),(597, 'Valentina Pérez', 3),(598, 'Valentina López', 3),(599, 'Camila Pérez', 3),(600, 'Lucía Rodríguez', 3),(601, 'Valentina Pérez', 3),(602, 'Valentina López', 3),(603, 'Camila Pérez', 3),(604, 'Lucía Rodríguez', 3),(605, 'Valentina Pérez', 3),(606, 'Valentina López', 3),(607, 'Camila Pérez', 3),(608, 'Lucía Rodríguez', 3),(609, 'Valentina Pérez', 3),(610, 'Valentina López', 3),(611, 'Camila Pérez', 3),(612, 'Juan Rodríguez', 3),(613, 'Valentina Rodríguez', 3),(614, 'Facundo Rodríguez', 3),(615, 'Martín Pérez', 3),(616, 'Sofía Pérez', 3),(617, 'Valentina Rodríguez', 3),(618, 'Facundo Rodríguez', 3),(619, 'Martín Pérez', 3),(620, 'Sofía Pérez', 3),(621, 'Valentina Rodríguez', 3),(622, 'Facundo Rodríguez', 3),(623, 'Martín Pérez', 3),(624, 'Sofía Pérez', 3),(625, 'Valentina Rodríguez', 3),(626, 'Facundo Rodríguez', 3),(627, 'Martín Pérez', 3),(628, 'Sofía Pérez', 3),(629, 'Valentina Rodríguez', 3),(630, 'Facundo Rodríguez', 3),(631, 'Martín Pérez', 3),(632, 'Sofía Pérez', 3),(633, 'Valentina Rodríguez', 3),(634, 'Facundo Rodríguez', 3),(635, 'Martín Pérez', 3),(636, 'Sofía Pérez', 3),(637, 'Valentina Rodríguez', 3),(638, 'Facundo Rodríguez', 3),(639, 'Martín Pérez', 3),(640, 'Sofía Acosta', 3),(641, 'Valentina Tarifa', 3),(642, 'Facundo Acosta', 3),(643, 'Martín Tarifa', 3),(644, 'Sofía Acosta', 3),(645, 'Valentina Tarifa', 3),(646, 'Facundo Acosta', 3),(647, 'Martín Tarifa', 3),(648, 'Sofía Acosta', 3),(649, 'Valentina Tarifa', 3),(650, 'Facundo Acosta', 3),(651, 'Martín Tarifa', 3),(652, 'Valentina Acosta', 3),(653, 'Ana Tarifa', 3),(654, 'Valeria Acosta', 3),(655, 'Camila Tarifa', 3),(656, 'Valentina Acosta', 3),(657, 'Valentina Tarifa', 3),(658, 'Valentina Acosta', 3),(659, 'Ana Tarifa', 3),(660, 'Valeria Acosta', 3),(661, 'Camila Tarifa', 3),(662, 'Valentina Acosta', 3),(663, 'Lorena Tarifa', 3),(664, 'Valentina Acosta', 3),(665, 'Antonella Tarifa', 3),(666, 'Valentina Acosta', 3),(667, 'Sofía Tarifa', 3),(668, 'Nicolás Tarifa', 3),(669, 'Luciana Tarifa', 3),(670, 'Valentina Tarifa', 3),(671, 'Julián Tarifa', 3),(672, 'Facundo Tarifa', 3),(673, 'Valeria Tarifa', 3),(674, 'Natalia Tarifa', 3),(675, 'Luciana Tarifa', 3),(676, 'Valentina Tarifa', 3),(677, 'Julián Tarifa', 3),(678, 'Facundo Tarifa', 3),(679, 'Valeria Tarifa', 3),(680, 'Natalia Tarifa', 3),(681, 'Luciana Tarifa', 3),(682, 'Lucas Tarifa', 3),(683, 'Valentina Tarifa', 3),(684, 'Julián Tarifa', 3),(685, 'Facundo Tarifa', 3),(686, 'Valeria Tarifa', 3),(687, 'Natalia Tarifa', 3),(688, 'Valentina Tarifa', 3),(689, 'Julián Tarifa', 3),(690, 'Facundo Tarifa', 3),(691, 'Valeria Tarifa', 3),(692, 'Natalia Tarifa', 3),(693, 'Valentina Tarifa', 3),(694, 'Sofía Tarifa', 3),(695, 'Carolina Tarifa', 3),(696, 'Valeria Tarifa', 3),(697, 'Mariana Tarifa', 3),(698, 'Valentina Tarifa', 3),(699, 'Valentina Tarifa', 3),(700, 'Sofía Tarifa', 3),(701, 'Carolina Tarifa', 3),(702, 'Martín López', 3),(703, 'Juan Carlos Pérez', 3),(704, 'Miguel Ángel Ramírez', 3),(705, 'Joaquín López', 3),(706, 'Fernando López', 3),(707, 'Martín Ramírez', 3),(708, 'Ana Martínez', 3),(709, 'Santiago Martínez', 3),(710, 'Fernando Ramírez', 3),(711, 'Joaquín Ramírez', 3),(712, 'Andrés Ramírez', 3),(713, 'Miguel Ángel Pérez', 3),(714, 'Martín Martínez', 3),(715, 'Fernando Ramírez', 3),(716, 'Miguel Ángel Ramírez', 3),(717, 'Miguel Ángel Ramírez', 3),(718, 'Joaquín López', 3),(719, 'Fernando López', 3),(720, 'Martín Ramírez', 3),(721, 'Ana Martínez', 3),(722, 'Santiago Martínez', 3),(723, 'Fernando Ramírez', 3),(724, 'Joaquín Ramírez', 3),(725, 'Andrés Ramírez', 3),(726, 'Miguel Ángel Pérez', 3),(727, 'Martín Martínez', 3),(728, 'Fernando Ramírez', 3),(729, 'Andrés López', 3),(730, 'Pedro Ramírez', 3),(731, 'Gonzalo Martínez', 3),(732, 'Manuel Sánchez', 3),(733, 'Gabriel Pérez', 3),(734, 'Javier Ruiz', 3),(735, 'Sebastián Torres', 3),(736, 'Diego Martínez', 3),(737, 'Joaquín Pérez', 3),(738, 'Andrea Sánchez', 3),(739, 'Martín González', 3),(740, 'Daniel Fernández', 3),(741, 'Juan Pablo Sánchez', 3),(742, 'Mariano González', 3),(743, 'Andrés Sánchez', 3),(744, 'Javier Martínez', 3),(745, 'Martín Pérez', 3),(746, 'Diego Fernández', 3),(747, 'Joaquín Ramírez', 3),(748, 'Fernando Pérez', 3),(749, 'Carlos Pérez', 3),(750, 'Javier Sánchez', 3),(751, 'Martín Ramírez', 3),(752, 'Andrés Pérez', 3),(753, 'Santiago Cofman', 3),(754, 'Facundo García', 3),(755, 'Sofía González', 3),(756, 'Josefina Ramírez', 3),(757, 'Nicolás Herrera', 3),(758, 'Antonella Russo', 3),(759, 'Valeria González', 3),(760, 'Bianca Martínez', 3),(761, 'Renata Torres', 3),(762, 'Agustina González', 3),(763, 'Luciana Rodríguez', 3),(764, 'Carolina Díaz', 3),(765, 'Martina Ramírez', 3),(766, 'Martina Martínez', 3),(767, 'Rocío Torres', 3),(768, 'Catalina Sosa', 3),(769, 'Belén Pérez', 3),(770, 'Victoria Sánchez', 3),(771, 'Renata Sosa', 3),(772, 'Matías González', 3),(773, 'Leandro Pérez', 3),(774, 'Joaquín Suarez', 3),(775, 'Joaquín Ramírez', 3),(776, 'Andrés Ramírez', 3),(777, 'Miguel Ángel Pérez', 3),(778, 'Martín Martínez', 3),(779, 'Fernando Ramírez', 3),(780, 'Joaquín Ramírez', 3),(781, 'Andrés Ramírez', 3),(782, 'Miguel Ángel Pérez', 3),(783, 'Martín Martínez', 3),(784, 'Fernando Ramírez', 3),(785, 'Joaquín Ramírez', 3),(786, 'Andrés Ramírez', 3),(787, 'Miguel Ángel Pérez', 3),(788, 'Martín Martínez', 3),(789, 'Fernando Ramírez', 3),(790, 'Joaquín Ramírez', 3),(791, 'Andrés Ramírez', 3),(792, 'Miguel Ángel Pérez', 3),(793, 'Martín Martínez', 3),(794, 'Fernando Ramírez', 3),(795, 'Andrés Ramírez', 3),(796, 'Miguel Ángel Pérez', 3),(797, 'Martín Martínez', 3),(798, 'Fernando Ramírez', 3),(799, 'Andrés Ramírez', 3),(800, 'Miguel Ángel Pérez', 3),
-- Cuarto año
(801, 'Martín Martínez', 4),(802, 'Fernando Ramírez', 4),(803, 'Andrés Ramírez', 4),(804, 'Miguel Ángel Pérez', 4),(805, 'Martín Martínez', 4),(806, 'Fernando Ramírez', 4),(807, 'Andrés Ramírez', 4),(808, 'Miguel Ángel Pérez', 4),(809, 'Martín Martínez', 4),(810, 'Fernando Ramírez', 4),(811, 'Andrés Ramírez', 4),(812, 'Miguel Ángel Pérez', 4),(813, 'Martín Martínez', 4),(814, 'Fernando Ramírez', 4),(815, 'Andrés Ramírez', 4),(816, 'Miguel Ángel Pérez', 4),(817, 'Martín Martínez', 4),(818, 'Fernando Ramírez', 4),(819, 'Andrés Ramírez', 4),(820, 'Miguel Ángel Pérez', 4),(821, 'Martín Martínez', 4),(822, 'Fernando Ramírez', 4),(823, 'Andrés Ramírez', 4),(824, 'Miguel Ángel Pérez', 4),(825, 'Joaquín Ramírez', 4),(826, 'Andrea Pérez', 4),(827, 'Valentina Pérez', 4),(828, 'Valeria Fernández', 4),(829, 'María Ramírez', 4),(830, 'Camila Pérez', 4),(831, 'Juan Pablo Fernández', 4),(832, 'Mariano Martínez', 4),(833, 'Manuel Pérez', 4),(834, 'Juan Ignacio Fernández', 4),(835, 'Francisco Martínez', 4),(836, 'Antonella Pérez', 4),(837, 'Valeria Fernández', 4),(838, 'Martina Pérez', 4),(839, 'Agustín Fernández', 4),(840, 'Joaquín Pérez', 4),(841, 'Santiago Martínez', 4),(842, 'Mateo Pérez', 4),(843, 'Lucas Fernández', 4),(844, 'Juan Pablo Pérez', 4),(845, 'Tomás Pérez', 4),(846, 'Luciano Martínez', 4),(847, 'Facundo Pérez', 4),(848, 'Juan Manuel Martínez', 4),(849, 'Tomás Pérez', 4),(850, 'Luciano Martínez', 4),(851, 'Facundo Pérez', 4),(852, 'Juan Manuel Martínez', 4),(853, 'Tomás Pérez', 4),(854, 'Luciano Martínez', 4),(855, 'Facundo Pérez', 4),(856, 'Juan Manuel Martínez', 4),(857, 'Tomás Pérez', 4),(858, 'Luciano Martínez', 4),(859, 'Facundo Pérez', 4),(860, 'Juan Manuel Martínez', 4),(861, 'Tomás Pérez', 4),(862, 'Luciano Martínez', 4),(863, 'Sofía Pérez', 4),(864, 'Lucas Pérez', 4),(865, 'Camila Pérez', 4),(866, 'Lucía Fernández', 4),(867, 'Juan López', 4),(868, 'Lucas Pérez', 4),(869, 'Camila Pérez', 4),(870, 'Lucía Fernández', 4),(871, 'Juan López', 4),(872, 'Lucas Pérez', 4),(873, 'Camila Pérez', 4),(874, 'Lucía Fernández', 4),(875, 'Juan López', 4),(876, 'Lucas Pérez', 4),(877, 'Camila Pérez', 4),(878, 'Lucía Fernández', 4),(879, 'Juan López', 4),(880, 'Lucas Pérez', 4),(881, 'Camila Pérez', 4),(882, 'Lucía Fernández', 4),(883, 'Juan López', 4),(884, 'Lucas Pérez', 4),(885, 'Camila Pérez', 4),(886, 'Lucía Fernández', 4),(887, 'Juan López', 4),(888, 'Lucas Pérez', 4),(889, 'Camila Pérez', 4),(890, 'Lucía Fernández', 4),(891, 'Juan López', 4),(892, 'Lucas Icardi', 4),(893, 'Camila Verón', 4),(894, 'Lucía Icardi', 4),(895, 'Juan López', 4),(896, 'Lucas Icardi', 4),(897, 'Camila Verón', 4),(898, 'Lucía Icardi', 4),(899, 'Juan López', 4),(900, 'Lucas Icardi', 4),(901, 'Camila Verón', 4),(902, 'Lucía Icardi', 4),(903, 'Juan Cruz López', 4),(904, 'Matías Icardi', 4),(905, 'Lucas Verón', 4),(906, 'Santiago Icardi', 4),(907, 'Juan Pablo Verón', 4),(908, 'Lucas Icardi', 4),(909, 'Juan Cruz López', 4),(910, 'Matías Icardi', 4),(911, 'Lucas Verón', 4),(912, 'Santiago Icardi', 4),(913, 'Juan Pablo Verón', 4),(914, 'Diego Icardi', 4),(915, 'Lucía Verón', 4),(916, 'Agustín Icardi', 4),(917, 'Juan Manuel Verón', 4),(918, 'Joaquín Icardi', 4),(919, 'Martina Icardi', 4),(920, 'Mateo Icardi', 4),(921, 'Lucas Icardi', 4),(922, 'Camila Icardi', 4),(923, 'Luis Icardi', 4),(924, 'Santiago Icardi', 4),(925, 'Martín Icardi', 4),(926, 'Mateo Icardi', 4),(927, 'Lucas Icardi', 4),(928, 'Camila Icardi', 4),(929, 'Luis Icardi', 4),(930, 'Santiago Icardi', 4),(931, 'Martín Icardi', 4),(932, 'Mateo Icardi', 4),(933, 'Sofía Icardi', 4),(934, 'Lucas Icardi', 4),(935, 'Camila Icardi', 4),(936, 'Luis Icardi', 4),(937, 'Santiago Icardi', 4),(938, 'Martín Icardi', 4),(939, 'Lucas Icardi', 4),(940, 'Camila Icardi', 4),(941, 'Luis Icardi', 4),(942, 'Santiago Icardi', 4),(943, 'Martín Icardi', 4),(944, 'Lucas Icardi', 4),(945, 'Diego Icardi', 4),(946, 'Lucía Icardi', 4),(947, 'Nicolás Icardi', 4),(948, 'Juan Icardi', 4),(949, 'Lucas Icardi', 4),(950, 'Lucas Icardi', 4),(951, 'Diego Icardi', 4),(952, 'Valeria Pérez', 4),(953, 'Laura Martínez', 4),(954, 'Carolina Martínez', 4),(955, 'Ana Laura Martínez', 4),(956, 'María José Pérez', 4),(957, 'Laura Pérez', 4),(958, 'Diego Pérez', 4),(959, 'Valentina Ramírez', 4),(960, 'María Fernández', 4),(961, 'Ana Ramírez', 4),(962, 'Carolina Pérez', 4),(963, 'Laura Ramírez', 4),(964, 'Valentina Fernández', 4),(965, 'María Rodríguez', 4),(966, 'Laura Martínez', 4),(967, 'Carolina Martínez', 4),(968, 'Ana Laura Martínez', 4),(969, 'María José Pérez', 4),(970, 'Laura Pérez', 4),(971, 'Diego Pérez', 4),(972, 'Valentina Ramírez', 4),(973, 'María Fernández', 4),(974, 'Ana Ramírez', 4),(975, 'Carolina Pérez', 4),(976, 'Laura Ramírez', 4),(977, 'Valentina Fernández', 4),(978, 'María Rodríguez', 4),(979, 'Valeria Martínez', 4),(980, 'Laura González', 4),(981, 'Lucía Herrera', 4),(982, 'Isabella Fernández', 4),(983, 'Sofía López', 4),(984, 'Natalia Sánchez', 4),(985, 'Daniela Gómez', 4),(986, 'Fernanda Ramírez', 4),(987, 'Sara Fernández', 4),(988, 'Tomás Fernández', 4),(989, 'Valentina López', 4),(990, 'Carolina Sánchez', 4),(991, 'María Fernández', 4),(992, 'Gabriela López', 4),(993, 'Carla Martínez', 4),(994, 'Sara Ramírez', 4),(995, 'Valeria Fernández', 4),(996, 'Andrea Sánchez', 4),(997, 'Laura Fernández', 4),(998, 'María José Fernández', 4),(999, 'Ana Sofía Martínez', 4),(1000, 'Sara Fernández', 4),(1001, 'Laura Martínez', 4),(1002, 'Valentina Fernández', 4),(1003, 'Camila Fernández', 4),(1004, 'Agustín Pérez', 4),(1005, 'Julieta Díaz', 4),(1006, 'Juan Pablo Fernández', 4),(1007, 'Leandro Silva', 4),(1008, 'Gonzalo Martín', 4),(1009, 'Bruno Sosa', 4),(1010, 'Joaquín Herrera', 4),(1011, 'Emanuel Alvarez', 4),(1012, 'Gabriel Acosta', 4),(1013, 'Juan Ignacio Fernandez', 4),(1014, 'Federico García', 4),(1015, 'Lucas Martínez', 4),(1016, 'Tomás Herrera', 4),(1017, 'Pablo Ramirez', 4),(1018, 'Lautaro López', 4),(1019, 'Bianca Fernandez', 4),(1020, 'Florencia Fernández', 4),(1021, 'Celeste Lopez', 4),(1022, 'Sofía Ramirez', 4),(1023, 'Victoria Sánchez', 4),(1024, 'Ana Ramírez', 4),(1025, 'Carolina Pérez', 4),(1026, 'Laura Ramírez', 4),(1027, 'Valentina Fernández', 4),(1028, 'María Rodríguez', 4),(1029, 'Ana Ramírez', 4),(1030, 'Carolina Pérez', 4),(1031, 'Laura Ramírez', 4),(1032, 'Valentina Fernández', 4),(1033, 'María Rodríguez', 4),(1034, 'Ana Ramírez', 4),(1035, 'Carolina Pérez', 4),(1036, 'Laura Ramírez', 4),(1037, 'Valentina Fernández', 4),(1038, 'María Rodríguez', 4),(1039, 'Ana Ramírez', 4),(1040, 'Carolina Pérez', 4),(1041, 'Laura Ramírez', 4),(1042, 'Valentina Fernández', 4),(1043, 'María Rodríguez', 4),(1044, 'Carolina Pérez', 4),(1045, 'Laura Ramírez', 4),(1046, 'Valentina Fernández', 4),(1047, 'María Rodríguez', 4),(1048, 'Carolina Pérez', 4),(1049, 'Laura Ramírez', 4),(1050, 'Valentina Fernández', 4),
-- Quinto año
(1051, 'María Rodríguez', 5),(1052, 'Carolina Pérez', 5),(1053, 'Laura Ramírez', 5),(1054, 'Valentina Fernández', 5),(1055, 'María Rodríguez', 5),(1056, 'Carolina Pérez', 5),(1057, 'Laura Ramírez', 5),(1058, 'Valentina Fernández', 5),(1059, 'María Rodríguez', 5),(1060, 'Carolina Pérez', 5),(1061, 'Laura Ramírez', 5),(1062, 'Valentina Fernández', 5),(1063, 'María Rodríguez', 5),(1064, 'Carolina Pérez', 5),(1065, 'Laura Ramírez', 5),(1066, 'Valentina Fernández', 5),(1067, 'María Rodríguez', 5),(1068, 'Carolina Pérez', 5),(1069, 'Laura Ramírez', 5),(1070, 'Valentina Fernández', 5),(1071, 'María Rodríguez', 5),(1072, 'Carolina Pérez', 5),(1073, 'Laura Ramírez', 5),(1074, 'Ana Ramírez', 5),(1075, 'Martín Rodríguez', 5),(1076, 'Juan Manuel Ramírez', 5),(1077, 'Lucas Rodríguez', 5),(1078, 'Lautaro Fernández', 5),(1079, 'Juan Cruz Ramírez', 5),(1080, 'Sofía Ramírez', 5),(1081, 'Valentina Fernández', 5),(1082, 'Laura Ramírez', 5),(1083, 'María Fernández', 5),(1084, 'Florencia Ramírez', 5),(1085, 'Mariano Fernández', 5),(1086, 'Lucas Ramírez', 5),(1087, 'Juan Martínez', 5),(1088, 'Sofía Ramírez', 5),(1089, 'Lucía Fernández', 5),(1090, 'Luciana Ramírez', 5),(1091, 'Mariana Fernández', 5),(1092, 'Valentina Ramírez', 5),(1093, 'Sofía Ramírez', 5),(1094, 'María Fernández', 5),(1095, 'Valentina Ramírez', 5),(1096, 'Sofía Ramírez', 5),(1097, 'María Fernández', 5),(1098, 'Mariana Ramírez', 5),(1099, 'Valentina Ramírez', 5),(1100, 'Sofía Ramírez', 5),(1101, 'María Fernández', 5),(1102, 'Mariana Ramírez', 5),(1103, 'Valentina Ramírez', 5),(1104, 'Sofía Ramírez', 5),(1105, 'María Fernández', 5),(1106, 'Mariana Ramírez', 5),(1107, 'Valentina Ramírez', 5),(1108, 'Sofía Ramírez', 5),(1109, 'María Fernández', 5),(1110, 'Mariana Ramírez', 5),(1111, 'Valentina Ramírez', 5),(1112, 'Matías Fernández', 5),(1113, 'María Fernández', 5),(1114, 'Juan Martínez', 5),(1115, 'Santiago Martínez', 5),(1116, 'Mariana Fernández', 5),(1117, 'María Fernández', 5),(1118, 'Juan Martínez', 5),(1119, 'Santiago Martínez', 5),(1120, 'Mariana Fernández', 5),(1121, 'María Fernández', 5),(1122, 'Juan Martínez', 5),(1123, 'Santiago Martínez', 5),(1124, 'Mariana Fernández', 5),(1125, 'María Fernández', 5),(1126, 'Juan Martínez', 5),(1127, 'Santiago Martínez', 5),(1128, 'Mariana Fernández', 5),(1129, 'María Fernández', 5),(1130, 'Juan Martínez', 5),(1131, 'Santiago Martínez', 5),(1132, 'Mariana Fernández', 5),(1133, 'María Fernández', 5),(1134, 'Juan Martínez', 5),(1135, 'Santiago Martínez', 5),(1136, 'Mariana Fernández', 5),(1137, 'María Fernández', 5),(1138, 'Juan Martínez', 5),(1139, 'Santiago Martínez', 5),(1140, 'Mariana Verón', 5),(1141, 'María Altamirano', 5),(1142, 'Juan Martínez', 5),(1143, 'Santiago Altamirano', 5),(1144, 'Mariana Verón', 5),(1145, 'María Altamirano', 5),(1146, 'Juan Martínez', 5),(1147, 'Santiago Altamirano', 5),(1148, 'Mariana Verón', 5),(1149, 'María Altamirano', 5),(1150, 'Juan Martínez', 5),(1151, 'Santiago Altamirano', 5),(1152, 'María José Verón', 5),(1153, 'Carolina Altamirano', 5),(1154, 'Sofía Martínez', 5),(1155, 'Laura Altamirano', 5),(1156, 'Mariana Martínez', 5),(1157, 'María Altamirano', 5),(1158, 'María José Verón', 5),(1159, 'Carolina Altamirano', 5),(1160, 'Sofía Martínez', 5),(1161, 'Laura Altamirano', 5),(1162, 'Mariana Martínez', 5),(1163, 'María Altamirano', 5),(1164, 'Lucas Martínez', 5),(1165, 'Carla Altamirano', 5),(1166, 'María Martínez', 5),(1167, 'Lucas Altamirano', 5),(1168, 'Juan Pablo Altamirano', 5),(1169, 'Juliana Altamirano', 5),(1170, 'María Altamirano', 5),(1171, 'Manuel Altamirano', 5),(1172, 'Ana Altamirano', 5),(1173, 'Laura Altamirano', 5),(1174, 'Carolina Altamirano', 5),(1175, 'Sofía Altamirano', 5),(1176, 'María Altamirano', 5),(1177, 'Manuel Altamirano', 5),(1178, 'Ana Altamirano', 5),(1179, 'Laura Altamirano', 5),(1180, 'Carolina Altamirano', 5),(1181, 'Sofía Altamirano', 5),(1182, 'Juan Altamirano', 5),(1183, 'María Altamirano', 5),(1184, 'Manuel Altamirano', 5),(1185, 'Ana Altamirano', 5),(1186, 'Laura Altamirano', 5),(1187, 'Carolina Altamirano', 5),(1188, 'María Altamirano', 5),(1189, 'Manuel Altamirano', 5),(1190, 'Ana Altamirano', 5),(1191, 'Laura Altamirano', 5),(1192, 'Carolina Altamirano', 5),(1193, 'María Altamirano', 5),(1194, 'Martina Altamirano', 5),(1195, 'Santiago Altamirano', 5),(1196, 'Ana Altamirano', 5),(1197, 'Laura Altamirano', 5),(1198, 'María Altamirano', 5),(1199, 'María Altamirano', 5),(1200, 'Martina Altamirano', 5);

-- Materias
INSERT INTO materia(id, nombre, year, dia, horario, necesita_laboratorio, docente_id) VALUES
(1, 'Programación de Computadoras', 1, 'Miércoles', '14:00', 1, 5),(2, 'Organización de Computadoras', 1, 'Viernes', '8:00', 0, 2),(3, 'Arquitectura de Computadoras', 1, 'Lunes', '8:00', 0, 4),(4, 'Matemática 1', 1, 'Martes', '14:00', 0, 30),(5, 'Matemática 2', 1, 'Lunes', '18:00', 0, 24),(6, 'Expresión de Problemas y Algoritmos', 1, 'Martes', '8:00', 1, 14),(7, 'Introducción al Pensamiento Científico', 1, 'Jueves', '8:00', 0, 25),(8, 'Ingeniería de Software 1', 2, 'Lunes', '18:00', 1, 21),(9, 'Introducción a las Bases de Datos', 2, 'Viernes', '18:00', 1, 23),(10, 'Algoritmos y Estructuras de Datos', 2, 'Lunes', '18:00', 1, 31),(11, 'Orientación a Objetos 1', 2, 'Martes', '18:00', 1, 6),(12, 'Seminario de Lenguajes', 2, 'Viernes', '14:00', 1, 26),(13, 'Introducción a los Sistemas Operativos', 2, 'Lunes', '8:00', 0, 16),(14, 'Matemática 3', 2, 'Miércoles', '18:00', 0, 32),(15, 'Probabilidades y Estadística', 2, 'Miércoles', '8:00', 1, 17),(16, 'Programación Concurrente', 3, 'Martes', '18:00', 1, 18),(17, 'Ingeniería de Software 2', 3, 'Viernes', '8:00', 0, 22),(18, 'Orientación a Objetos 2', 3, 'Jueves', '18:00', 1, 7),(19, 'Sistemas y Organizaciones', 3, 'Jueves', '8:00', 0, 15),(20, 'Bases de Datos 1', 3, 'Jueves', '18:00', 1, 8),(21, 'Proyecto de Software', 3, 'Miércoles', '18:00', 0, 9),(22, 'Conceptos y Paradigmas de Lenguajes de', 3, 'Viernes', '18:00', 1, 19),(23, 'Redes y Comunicaciones', 3, 'Jueves', '18:00', 0, 13),(24, 'Ingeniería de Software 3', 4, 'Lunes', '18:00', 1, 1),(25, 'Bases de Datos 2', 4, 'Jueves', '18:00', 1, 11),(26, 'Fundamentos de Teoría de la Computación', 4, 'Martes', '8:00', 0, 20),(27, 'Sistemas Operativos', 4, 'Lunes', '8:00', 0, 28),(28, 'Desarrollo de Software en Sistemas Distribuidos', 4, 'Miércoles', '8:00', 1, 12),(29, 'Matemática Discreta', 4, 'Miércoles', '18:00', 0, 10),(30, 'Sistemas Embebidos', 4, 'Miércoles', '8:00', 1, 34),(31, 'Política y Gestión de la Ciencia', 5, 'Viernes', '18:00', 0, 29),(32, 'Aspectos legales y Profesionales de Informática', 5, 'Jueves', '18:00', 0, 33),(33, 'Nuevos Escenarios', 5, 'Lunes', '18:00', 0, 27),(34, 'Taller de Sistemas de Gestión Editorial y Ciencia Abierta', 5, 'Miércoles', '18:00', 0, 35),(35, 'Seminario de Trabajo Final', 5, 'Martes', '18:00', 0, 3);

-- Estudiantes en Materias
INSERT INTO materia_estudiante (estudiante_id, materia_id) VALUES
(1, 2),(1, 5),(1, 6),(2, 7),(2, 2),(2, 1),(3, 2),(3, 6),(3, 5),(4, 7),(4, 2),(4, 4),(5, 3),(5, 2),(5, 7),(6, 5),(6, 6),(6, 3),(7, 2),(7, 6),(7, 5),(8, 6),(8, 2),(8, 1),(9, 1),(9, 6),(9, 7),(10, 7),(10, 2),(10, 4),(11, 2),(11, 1),(11, 6),(12, 6),(12, 5),(12, 3),(13, 4),(13, 1),(13, 2),(14, 2),(14, 4),(14, 3),(15, 4),(15, 1),(15, 7),(16, 1),(16, 4),(16, 3),(17, 3),(17, 1),(17, 6),(18, 6),(18, 5),(18, 4),(19, 4),(19, 5),(19, 6),(20, 6),(20, 5),(20, 3),(21, 3),(21, 6),(21, 7),(22, 3),(22, 1),(22, 2),(23, 2),(23, 6),(23, 5),(24, 6),(24, 1),(24, 4),(25, 3),(25, 5),(25, 7),(26, 7),(26, 5),(26, 3),(27, 1),(27, 5),(27, 7),(28, 7),(28, 6),(28, 2),(29, 1),(29, 5),(29, 7),(30, 5),(30, 2),(30, 4),(31, 4),(31, 3),(31, 2),(32, 1),(32, 3),(32, 6),(33, 5),(33, 1),(33, 2),(34, 1),(34, 3),(34, 4),(35, 3),(35, 1),(35, 5),(36, 1),(36, 3),(36, 4),(37, 3),(37, 5),(37, 6),(38, 6),(38, 3),(38, 1),(39, 1),(39, 4),(39, 5),(40, 6),(40, 3),(40, 2),(41, 2),(41, 1),(41, 4),(42, 1),(42, 5),(42, 7),(43, 7),(43, 6),(43, 3),(44, 3),(44, 5),(44, 7),(45, 7),(45, 6),(45, 1),(46, 1),(46, 4),(46, 7),(47, 7),(47, 3),(47, 2),(48, 1),(48, 3),(48, 4),(49, 3),(49, 2),(49, 6),(50, 5),(50, 7),(50, 4),(51, 4),(51, 3),(51, 6),(52, 5),(52, 4),(52, 2),(53, 4),(53, 6),(53, 7),(54, 6),(54, 3),(54, 1),(55, 2),(55, 3),(55, 6),(56, 3),(56, 4),(56, 1),(57, 2),(57, 4),(57, 6),(58, 5),(58, 7),(58, 3),(59, 1),(59, 7),(59, 6),(60, 5),(60, 7),(60, 3),(61, 4),(61, 1),(61, 2),(62, 2),(62, 4),(62, 3),(63, 4),(63, 2),(63, 1),(64, 7),(64, 5),(64, 6),(65, 6),(65, 7),(65, 2),(66, 4),(66, 3),(66, 7),(67, 7),(67, 4),(67, 2),(68, 3),(68, 7),(68, 6),(69, 5),(69, 4),(69, 2),(70, 2),(70, 5),(70, 6),(71, 5),(71, 7),(71, 3),(72, 4),(72, 2),(72, 6),(73, 2),(73, 4),(73, 3),(74, 3),(74, 4),(74, 1),(75, 1),(75, 2),(75, 6),(76, 2),(76, 1),(76, 3),(77, 3),(77, 2),(77, 5),(78, 6),(78, 3),(78, 4),(79, 2),(79, 6),(79, 7),(80, 7),(80, 5),(80, 3),(81, 4),(81, 2),(81, 5),(82, 6),(82, 1),(82, 3),(83, 3),(83, 4),(83, 5),(84, 6),(84, 7),(84, 2),(85, 2),(85, 1),(85, 5),(86, 6),(86, 7),(86, 2),(87, 4),(87, 7),(87, 5),(88, 5),(88, 3),(88, 1),(89, 3),(89, 6),(89, 7),(90, 7),(90, 6),(90, 3),(91, 1),(91, 5),(91, 7),(92, 6),(92, 2),(92, 3),(93, 6),(93, 5),(93, 7),(94, 7),(94, 5),(94, 4),(95, 1),(95, 5),(95, 6),(96, 5),(96, 2),(96, 4),(97, 4),(97, 6),(97, 7),(98, 5),(98, 4),(98, 2),(99, 1),(99, 3),(99, 7),(100, 7),(100, 3),(100, 2),(101, 1),(101, 3),(101, 6),(102, 6),(102, 1),(102, 2),(103, 1),(103, 4),(103, 7),(104, 7),(104, 5),(104, 4),(105, 1),(105, 5),(105, 7),(106, 5),(106, 1),(106, 4),(107, 3),(107, 1),(107, 7),(108, 2),(108, 3),(108, 4),(109, 4),(109, 3),(109, 2),(110, 1),(110, 4),(110, 6),(111, 6),(111, 5),(111, 3),(112, 4),(112, 5),(112, 6),(113, 5),(113, 3),(113, 2),(114, 1),(114, 3),(114, 5),(115, 5),(115, 6),(115, 7),(116, 6),(116, 5),(116, 4),(117, 3),(117, 5),(117, 6),(118, 6),(118, 7),(118, 4),(119, 3),(119, 1),(119, 6),(120, 2),(120, 3),(120, 4),(121, 4),(121, 3),(121, 1),(122, 1),(122, 3),(122, 7),(123, 6),(123, 4),(123, 2),(124, 1),(124, 5),(124, 7),(125, 1),(125, 2),(125, 4),(126, 7),(126, 5),(126, 6),(127, 6),(127, 5),(127, 1),(128, 2),(128, 5),(128, 7),(129, 7),(129, 5),(129, 4),(130, 3),(130, 5),(130, 7),(131, 7),(131, 3),(131, 1),(132, 3),(132, 5),(132, 6),(133, 7),(133, 3),(133, 2),(134, 4),(134, 6),(134, 5),(135, 6),(135, 4),(135, 3),(136, 3),(136, 1),(136, 6),(137, 1),(137, 2),(137, 3),(138, 3),(138, 6),(138, 5),(139, 5),(139, 4),(139, 2),(140, 2),(140, 4),(140, 6),(141, 5),(141, 4),(141, 1),(142, 4),(142, 3),(142, 5),(143, 5),(143, 4),(143, 1),(144, 2),(144, 3),(144, 6),(145, 5),(145, 3),(145, 2),(146, 3),(146, 5),(146, 7),(147, 5),(147, 2),(147, 1),(148, 3),(148, 4),(148, 6),(149, 7),(149, 3),(149, 1),(150, 1),(150, 2),(150, 6),(151, 7),(151, 2),(151, 4),(152, 7),(152, 6),(152, 5),(153, 5),(153, 2),(153, 1),(154, 4),(154, 6),(154, 7),(155, 5),(155, 3),(155, 1),(156, 2),(156, 3),(156, 7),(157, 5),(157, 6),(157, 2),(158, 2),(158, 3),(158, 6),(159, 6),(159, 7),(159, 1),(160, 2),(160, 6),(160, 5),(161, 6),(161, 2),(161, 1),(162, 3),(162, 4),(162, 6),(163, 6),(163, 7),(163, 1),(164, 4),(164, 6),(164, 5),(165, 5),(165, 7),(165, 2),(166, 1),(166, 3),(166, 5),(167, 5),(167, 4),(167, 1),(168, 1),(168, 2),(168, 5),(169, 6),(169, 2),(169, 4),(170, 4),(170, 3),(170, 7),(171, 7),(171, 2),(171, 1),(172, 1),(172, 2),(172, 6),(173, 5),(173, 1),(173, 3),(174, 4),(174, 1),(174, 6),(175, 1),(175, 2),(175, 4),(176, 6),(176, 5),(176, 7),(177, 5),(177, 4),(177, 3),(178, 2),(178, 5),(178, 7),(179, 5),(179, 2),(179, 4),(180, 2),(180, 6),(180, 7),(181, 6),(181, 5),(181, 3),(182, 3),(182, 1),(182, 5),(183, 5),(183, 1),(183, 2),(184, 4),(184, 5),(184, 7),(185, 7),(185, 4),(185, 1),(186, 2),(186, 4),(186, 3),(187, 4),(187, 2),(187, 1),(188, 2),(188, 4),(188, 3),(189, 3),(189, 4),(189, 7),(190, 3),(190, 2),(190, 1),(191, 1),(191, 3),(191, 5),(192, 6),(192, 3),(192, 1),(193, 1),(193, 5),(193, 7),(194, 1),(194, 2),(194, 4),(195, 4),(195, 5),(195, 6),(196, 4),(196, 3),(196, 1),(197, 2),(197, 4),(197, 7),(198, 6),(198, 3),(198, 1),(199, 1),(199, 4),(199, 6),(200, 5),(200, 4),(200, 2),(201, 9),(201, 15),(202, 15),(202, 14),(203, 11),(203, 8),(204, 12),(204, 9),(205, 12),(205, 8),(206, 14),(206, 13),(207, 12),(207, 8),(208, 8),(208, 14),(209, 15),(209, 9),(210, 12),(210, 15),(211, 13),(211, 10),(212, 10),(212, 13),(213, 12),(213, 11),(214, 9),(214, 8),(215, 8),(215, 9),(216, 11),(216, 12),(217, 10),(217, 13),(218, 13),(218, 12),(219, 14),(219, 8),(220, 11),(220, 10),(221, 10),(221, 14),(222, 13),(222, 8),(223, 10),(223, 9),(224, 11),(224, 8),(225, 8),(225, 10),(226, 12),(226, 14),(227, 12),(227, 11),(228, 11),(228, 13),(229, 15),(229, 12),(230, 12),(230, 11),(231, 9),(231, 15),(232, 14),(232, 10),(233, 13),(233, 8),(234, 8),(234, 11),(235, 9),(235, 8),(236, 8),(236, 15),(237, 13),(237, 14),(238, 10),(238, 12),(239, 10),(239, 13),(240, 15),(240, 11),(241, 13),(241, 14),(242, 13),(242, 10),(243, 11),(243, 8),(244, 10),(244, 14),(245, 13),(245, 12),(246, 12),(246, 10),(247, 12),(247, 13),(248, 10),(248, 9),(249, 10),(249, 11),(250, 10),(250, 15),(251, 10),(251, 11),(252, 11),(252, 15),(253, 13),(253, 12),(254, 12),(254, 15),(255, 15),(255, 11),(256, 12),(256, 13),(257, 14),(257, 11),(258, 14),(258, 8),(259, 8),(259, 9),(260, 14),(260, 15),(261, 13),(261, 8),(262, 10),(262, 11),(263, 12),(263, 14),(264, 15),(264, 11),(265, 11),(265, 9),(266, 14),(266, 13),(267, 13),(267, 11),(268, 10),(268, 15),(269, 13),(269, 8),(270, 15),(270, 12),(271, 12),(271, 13),(272, 12),(272, 10),(273, 9),(273, 13),(274, 15),(274, 9),(275, 12),(275, 15),(276, 13),(276, 10),(277, 9),(277, 14),(278, 13),(278, 10),(279, 9),(279, 11),(280, 14),(280, 15),(281, 15),(281, 9),(282, 10),(282, 8),(283, 14),(283, 13),(284, 14),(284, 9),(285, 13),(285, 15),(286, 9),(286, 12),(287, 12),(287, 15),(288, 14),(288, 10),(289, 10),(289, 9),(290, 10),(290, 12),(291, 11),(291, 9),(292, 11),(292, 14),(293, 13),(293, 10),(294, 10),(294, 14),(295, 15),(295, 11),(296, 9),(296, 8),(297, 10),(297, 15),(298, 14),(298, 8),(299, 14),(299, 11),(300, 11),(300, 10),(301, 15),(301, 8),(302, 8),(302, 15),(303, 10),(303, 9),(304, 11),(304, 8),(305, 9),(305, 13),(306, 11),(306, 12),(307, 11),(307, 10),(308, 10),(308, 8),(309, 10),(309, 14),(310, 15),(310, 10),(311, 9),(311, 15),(312, 11),(312, 8),(313, 8),(313, 13),(314, 13),(314, 9),(315, 10),(315, 12),(316, 12),(316, 14),(317, 12),(317, 10),(318, 10),(318, 12),(319, 11),(319, 8),(320, 9),(320, 13),(321, 13),(321, 14),(322, 10),(322, 11),(323, 12),(323, 9),(324, 11),(324, 8),(325, 8),(325, 12),(326, 9),(326, 13),(327, 15),(327, 8),(328, 8),(328, 10),(329, 10),(329, 8),(330, 10),(330, 15),(331, 10),(331, 9),(332, 10),(332, 11),(333, 11),(333, 9),(334, 9),(334, 10),(335, 12),(335, 14),(336, 13),(336, 12),(337, 9),(337, 8),(338, 11),(338, 15),(339, 15),(339, 14),(340, 14),(340, 13),(341, 14),(341, 9),(342, 10),(342, 11),(343, 13),(343, 8),(344, 10),(344, 9),(345, 10),(345, 11),(346, 11),(346, 14),(347, 13),(347, 8),(348, 8),(348, 13),(349, 11),(349, 9),(350, 9),(350, 13),
(351, 15),(351, 9),(352, 15),(352, 14),(353, 13),(353, 15),(354, 13),(354, 8),(355, 10),(355, 11),(356, 9),(356, 8),(357, 9),(357, 13),(358, 15),(358, 11),(359, 11),(359, 10),(360, 11),(360, 8),(361, 11),(361, 14),(362, 14),(362, 12),(363, 11),(363, 15),(364, 14),(364, 9),(365, 11),(365, 14),(366, 15),(366, 11),(367, 12),(367, 15),(368, 12),(368, 9),(369, 11),(369, 15),(370, 14),(370, 11),(371, 13),(371, 8),(372, 8),(372, 11),(373, 11),(373, 12),(374, 9),(374, 14),(375, 13),(375, 8),(376, 15),(376, 12),(377, 12),(377, 10),(378, 12),(378, 11),(379, 12),(379, 14),(380, 14),(380, 15),(381, 15),(381, 11),(382, 11),(382, 12),(383, 15),(383, 8),(384, 15),(384, 13),(385, 12),(385, 11),(386, 10),(386, 14),(387, 13),(387, 12),(388, 11),(388, 10),(389, 10),(389, 15),(390, 14),(390, 9),(391, 14),(391, 13),(392, 15),(392, 8),(393, 9),(393, 10),(394, 11),(394, 14),(395, 11),(395, 10),(396, 12),(396, 14),(397, 13),(397, 11),(398, 10),(398, 15),(399, 10),(399, 11),(400, 10),(400, 8),(401, 11),(401, 14),(402, 12),(402, 10),(403, 9),(403, 8),(404, 12),(404, 13),(405, 15),(405, 9),(406, 13),(406, 8),(407, 8),(407, 11),(408, 12),(408, 14),(409, 14),(409, 8),(410, 9),(410, 10),(411, 10),(411, 15),(412, 9),(412, 8),(413, 8),(413, 9),(414, 15),(414, 8),(415, 8),(415, 9),(416, 10),(416, 13),(417, 13),(417, 8),(418, 13),(418, 15),(419, 15),(419, 8),(420, 9),(420, 12),(421, 13),(421, 14),(422, 14),(422, 15),(423, 11),(423, 8),(424, 9),(424, 15),(425, 10),(425, 8),(426, 9),(426, 11),(427, 11),(427, 15),(428, 13),(428, 11),(429, 13),(429, 14),(430, 13),(430, 10),(431, 11),(431, 13),(432, 13),(432, 11),(433, 14),(433, 15),(434, 13),(434, 11),(435, 12),(435, 13),(436, 12),(436, 10),(437, 9),(437, 14),(438, 13),(438, 8),(439, 9),(439, 12),(440, 12),(440, 8),(441, 12),(441, 10),(442, 9),(442, 13),(443, 14),(443, 10),(444, 12),(444, 11),(445, 12),(445, 10),(446, 10),(446, 8),(447, 8),(447, 10),(448, 15),(448, 8),(449, 13),(449, 10),(450, 10),(450, 9),(451, 9),(451, 8),(452, 11),(452, 15),(453, 10),(453, 8),(454, 11),(454, 14),(455, 13),(455, 9),(456, 11),(456, 8),(457, 12),(457, 9),(458, 10),(458, 8),(459, 12),(459, 14),(460, 14),(460, 8),(461, 15),(461, 12),(462, 12),(462, 11),(463, 10),(463, 9),(464, 11),(464, 8),(465, 12),(465, 9),(466, 15),(466, 14),(467, 15),(467, 9),(468, 13),(468, 8),(469, 14),(469, 10),(470, 10),(470, 14),(471, 14),(471, 15),(472, 11),(472, 8),(473, 8),(473, 9),(474, 11),(474, 12),(475, 11),(475, 15),(476, 14),(476, 10),(477, 10),(477, 9),(478, 10),(478, 12),(479, 10),(479, 15),(480, 13),(480, 12),(481, 11),(481, 9),(482, 14),(482, 15),(483, 13),(483, 12),(484, 12),(484, 8),(485, 9),(485, 10),(486, 13),(486, 15),(487, 14),(487, 10),(488, 12),(488, 15),(489, 13),(489, 10),(490, 10),(490, 11),(491, 13),(491, 8),(492, 13),(492, 15),(493, 15),(493, 9),(494, 12),(494, 8),(495, 12),(495, 11),(496, 10),(496, 15),(497, 13),(497, 8),(498, 8),(498, 14),(499, 14),(499, 8),(500, 8),(500, 14),(501, 20),(501, 22),(502, 23),(502, 18),(503, 23),(503, 16),(504, 23),(504, 19),(505, 20),(505, 23),(506, 23),(506, 19),(507, 19),(507, 20),(508, 23),(508, 22),(509, 21),(509, 18),(510, 18),(510, 17),(511, 22),(511, 23),(512, 23),(512, 19),(513, 20),(513, 18),(514, 19),(514, 22),(515, 22),(515, 20),(516, 18),(516, 22),(517, 22),(517, 18),(518, 21),(518, 16),(519, 22),(519, 17),(520, 23),(520, 16),(521, 21),(521, 20),(522, 20),(522, 22),(523, 22),(523, 23),(524, 20),(524, 19),(525, 20),(525, 16),(526, 22),(526, 21),(527, 21),(527, 22),(528, 20),(528, 19),(529, 20),(529, 21),(530, 21),(530, 23),(531, 19),(531, 18),(532, 20),(532, 23),(533, 19),(533, 17),(534, 19),(534, 22),(535, 22),(535, 18),(536, 22),(536, 21),(537, 21),(537, 17),(538, 18),(538, 19),(539, 19),(539, 16),(540, 18),(540, 17),(541, 18),(541, 22),(542, 22),(542, 18),(543, 18),(543, 22),(544, 21),(544, 18),(545, 17),(545, 19),(546, 20),(546, 17),(547, 18),(547, 20),(548, 18),(548, 23),(549, 22),(549, 16),(550, 22),(550, 21),(551, 23),(551, 18),(552, 23),(552, 22),(553, 17),(553, 20),(554, 23),(554, 16),(555, 19),(555, 18),(556, 18),(556, 16),(557, 16),(557, 17),(558, 19),(558, 16),(559, 23),(559, 22),(560, 19),(560, 20),(561, 19),(561, 16),(562, 19),(562, 20),(563, 19),(563, 23),(564, 23),(564, 18),(565, 22),(565, 21),(566, 17),(566, 19),(567, 19),(567, 18),(568, 18),(568, 20),(569, 22),(569, 16),(570, 19),(570, 18),(571, 20),(571, 16),(572, 16),(572, 19),(573, 18),(573, 17),(574, 18),(574, 19),(575, 19),(575, 17),(576, 17),(576, 19),(577, 18),(577, 23),(578, 22),(578, 18),(579, 18),(579, 21),(580, 22),(580, 16),(581, 17),(581, 19),(582, 19),(582, 23),(583, 20),(583, 17),(584, 23),(584, 22),(585, 19),(585, 16),(586, 19),(586, 21),(587, 23),(587, 19),(588, 20),(588, 18),(589, 19),(589, 21),(590, 23),(590, 16),(591, 16),(591, 21),(592, 22),(592, 17),(593, 18),(593, 16),(594, 18),(594, 21),(595, 19),(595, 20),(596, 22),(596, 23),(597, 22),(597, 18),(598, 22),(598, 16),(599, 22),(599, 17),(600, 21),(600, 23),(601, 21),(601, 16),(602, 22),(602, 23),(603, 17),(603, 19),(604, 17),(604, 21),(605, 23),(605, 19),(606, 18),(606, 21),(607, 22),(607, 16),(608, 22),(608, 20),(609, 17),(609, 21),(610, 21),(610, 20),(611, 20),(611, 17),(612, 21),(612, 16),(613, 16),(613, 22),(614, 22),(614, 20),(615, 20),(615, 17),(616, 21),(616, 23),(617, 21),(617, 19),(618, 23),(618, 16),(619, 16),(619, 20),(620, 20),(620, 18),(621, 17),(621, 16),(622, 19),(622, 22),(623, 20),(623, 18),(624, 19),(624, 22),(625, 17),(625, 16),(626, 18),(626, 21),(627, 23),(627, 16),(628, 23),(628, 17),(629, 18),(629, 23),(630, 18),(630, 16),(631, 19),(631, 20),(632, 17),(632, 21),(633, 23),(633, 18),(634, 23),(634, 21),(635, 21),(635, 23),(636, 18),(636, 16),(637, 16),(637, 23),(638, 23),(638, 20),(639, 21),(639, 22),(640, 20),(640, 17),(641, 17),(641, 22),(642, 22),(642, 19),(643, 17),(643, 16),(644, 22),(644, 23),(645, 23),(645, 21),(646, 18),(646, 16),(647, 18),(647, 17),(648, 21),(648, 16),(649, 16),(649, 19),(650, 18),(650, 21),(651, 22),(651, 19),(652, 18),(652, 16),(653, 20),(653, 22),(654, 21),(654, 19),(655, 19),(655, 20),(656, 22),(656, 23),(657, 23),(657, 19),(658, 18),(658, 22),(659, 22),(659, 20),(660, 22),(660, 23),(661, 20),(661, 18),(662, 18),(662, 22),(663, 17),(663, 19),(664, 17),(664, 22),(665, 21),(665, 18),(666, 20),(666, 16),(667, 18),(667, 22),(668, 17),(668, 20),(669, 21),(669, 23),(670, 18),(670, 16),(671, 18),(671, 20),(672, 20),(672, 18),(673, 22),(673, 16),(674, 17),(674, 19),(675, 17),(675, 16),(676, 19),(676, 21),(677, 22),(677, 18),(678, 18),(678, 19),(679, 17),(679, 23),(680, 23),(680, 21),(681, 17),(681, 18),(682, 21),(682, 22),(683, 22),(683, 21),(684, 18),(684, 16),(685, 16),(685, 20),(686, 18),(686, 23),(687, 21),(687, 17),(688, 21),(688, 22),(689, 20),(689, 16),(690, 20),(690, 23),(691, 23),(691, 21),(692, 22),(692, 18),(693, 18),(693, 19),(694, 18),(694, 22),(695, 21),(695, 16),(696, 23),(696, 17),(697, 21),(697, 16),(698, 22),(698, 18),(699, 17),(699, 23),(700, 17),(700, 18),(701, 18),(701, 19),(702, 18),(702, 16),(703, 17),(703, 23),(704, 21),(704, 17),(705, 20),(705, 22),(706, 21),(706, 18),(707, 18),(707, 20),(708, 19),(708, 23),(709, 21),(709, 18),(710, 22),(710, 23),(711, 23),(711, 22),(712, 23),(712, 17),(713, 17),(713, 16),(714, 17),(714, 21),(715, 21),(715, 20),(716, 19),(716, 17),(717, 23),(717, 16),(718, 16),(718, 23),(719, 21),(719, 17),(720, 19),(720, 16),(721, 16),(721, 20),(722, 22),(722, 23),(723, 22),(723, 21),(724, 19),(724, 16),(725, 22),(725, 23),(726, 22),(726, 17),(727, 19),(727, 16),(728, 20),(728, 17),(729, 18),(729, 23),(730, 23),(730, 22),(731, 20),(731, 19),(732, 18),(732, 16),(733, 16),(733, 21),(734, 22),(734, 17),(735, 18),(735, 16),(736, 18),(736, 20),(737, 19),(737, 18),(738, 17),(738, 16),(739, 17),(739, 20),(740, 17),(740, 21),(741, 23),(741, 16),(742, 23),(742, 21),(743, 21),(743, 20),(744, 19),(744, 23),(745, 23),(745, 20),(746, 17),(746, 23),(747, 21),(747, 16),(748, 21),(748, 20),(749, 21),(749, 22),(750, 22),(750, 19),(751, 22),(751, 16),(752, 22),(752, 21),(753, 19),(753, 17),(754, 19),(754, 23),(755, 19),(755, 17),(756, 17),(756, 19),(757, 20),(757, 21),(758, 22),(758, 18),(759, 18),(759, 20),(760, 22),(760, 16),(761, 22),(761, 19),(762, 19),(762, 17),(763, 18),(763, 22),(764, 21),(764, 20),(765, 19),(765, 23),(766, 21),(766, 22),(767, 19),(767, 17),(768, 21),(768, 23),(769, 22),(769, 20),(770, 17),(770, 16),(771, 20),(771, 22),(772, 21),(772, 18),(773, 19),(773, 23),(774, 19),(774, 20),(775, 23),(775, 16),(776, 16),(776, 20),(777, 18),(777, 16),(778, 18),(778, 20),(779, 20),(779, 16),(780, 16),(780, 22),(781, 22),(781, 23),(782, 18),(782, 17),(783, 20),(783, 16),(784, 19),(784, 18),(785, 20),(785, 23),(786, 22),(786, 19),(787, 20),(787, 17),(788, 20),(788, 22),(789, 17),(789, 16),(790, 17),(790, 23),(791, 22),(791, 18),(792, 19),(792, 23),(793, 22),(793, 19),(794, 19),(794, 22),(795, 22),(795, 17),(796, 20),(796, 22),(797, 22),(797, 19),(798, 18),(798, 22),(799, 17),(799, 16),(800, 18),(800, 19),
(801, 28),(801, 29),(802, 28),(802, 24),(803, 30),(803, 27),(804, 27),(804, 29),(805, 25),(805, 30),(806, 25),(806, 29),(807, 29),(807, 30),(808, 27),(808, 26),(809, 26),(809, 30),(810, 30),(810, 26),(811, 26),(811, 25),(812, 30),(812, 24),(813, 24),(813, 27),(814, 27),(814, 26),(815, 26),(815, 28),(816, 28),(816, 26),(817, 26),(817, 28),(818, 28),(818, 24),(819, 29),(819, 25),(820, 25),(820, 24),(821, 29),(821, 30),(822, 27),(822, 24),(823, 24),(823, 30),(824, 26),(824, 24),(825, 24),(825, 27),(826, 25),(826, 28),(827, 26),(827, 24),(828, 24),(828, 28),(829, 28),(829, 25),(830, 28),(830, 30),(831, 29),(831, 26),(832, 26),(832, 24),(833, 28),(833, 27),(834, 29),(834, 24),(835, 26),(835, 25),(836, 25),(836, 26),(837, 29),(837, 24),(838, 24),(838, 27),(839, 25),(839, 24),(840, 25),(840, 30),(841, 27),(841, 29),(842, 26),(842, 24),(843, 25),(843, 27),(844, 28),(844, 24),(845, 28),(845, 25),(846, 30),(846, 24),(847, 27),(847, 29),(848, 26),(848, 24),(849, 24),(849, 27),(850, 29),(850, 28),(851, 29),(851, 30),(852, 30),(852, 26),(853, 29),(853, 30),(854, 27),(854, 29),(855, 25),(855, 30),(856, 26),(856, 28),(857, 30),(857, 24),(858, 28),(858, 26),(859, 26),(859, 27),(860, 27),(860, 26),(861, 26),(861, 25),(862, 25),(862, 29),(863, 28),(863, 26),(864, 26),(864, 28),(865, 29),(865, 26),(866, 26),(866, 27),(867, 27),(867, 28),(868, 26),(868, 30),(869, 26),(869, 28),(870, 26),(870, 24),(871, 24),(871, 28),(872, 26),(872, 30),(873, 26),(873, 24),(874, 29),(874, 30),(875, 29),(875, 28),(876, 28),(876, 24),(877, 25),(877, 30),(878, 25),(878, 24),(879, 25),(879, 30),(880, 27),(880, 28),(881, 25),(881, 24),(882, 28),(882, 29),(883, 28),(883, 25),(884, 28),(884, 30),(885, 28),(885, 29),(886, 29),(886, 28),(887, 30),(887, 27),(888, 30),(888, 25),(889, 28),(889, 30),(890, 27),(890, 28),(891, 28),(891, 29),(892, 28),(892, 25),(893, 29),(893, 24),(894, 24),(894, 26),(895, 25),(895, 27),(896, 27),(896, 28),(897, 26),(897, 24),(898, 26),(898, 28),(899, 26),(899, 30),(900, 27),(900, 26),(901, 28),(901, 24),(902, 26),(902, 27),(903, 26),(903, 24),(904, 26),(904, 30),(905, 26),(905, 28),(906, 29),(906, 30),(907, 30),(907, 25),(908, 29),(908, 27),(909, 25),(909, 26),(910, 30),(910, 24),(911, 30),(911, 26),(912, 26),(912, 24),(913, 24),(913, 25),(914, 25),(914, 28),(915, 28),(915, 30),(916, 27),(916, 28),(917, 25),(917, 27),(918, 27),(918, 30),(919, 30),(919, 24),(920, 25),(920, 26),(921, 27),(921, 24),(922, 30),(922, 26),(923, 28),(923, 29),(924, 26),(924, 27),(925, 27),(925, 28),(926, 27),(926, 24),(927, 27),(927, 25),(928, 28),(928, 24),(929, 28),(929, 25),(930, 28),(930, 24),(931, 26),(931, 27),(932, 28),(932, 29),(933, 29),(933, 30),(934, 29),(934, 28),(935, 28),(935, 30),(936, 27),(936, 28),(937, 28),(937, 27),(938, 30),(938, 29),(939, 28),(939, 25),(940, 28),(940, 30),(941, 28),(941, 26),(942, 25),(942, 27),(943, 26),(943, 28),(944, 26),(944, 25),(945, 25),(945, 29),(946, 26),(946, 30),(947, 30),(947, 29),(948, 28),(948, 24),(949, 24),(949, 29),(950, 25),(950, 30),(951, 27),(951, 26),(952, 29),(952, 28),(953, 29),(953, 30),(954, 27),(954, 29),(955, 27),(955, 24),(956, 24),(956, 25),(957, 26),(957, 29),(958, 25),(958, 30),(959, 27),(959, 25),(960, 26),(960, 29),(961, 28),(961, 30),(962, 30),(962, 25),(963, 30),(963, 24),(964, 27),(964, 25),(965, 26),(965, 28),(966, 29),(966, 26),(967, 25),(967, 24),(968, 25),(968, 29),(969, 25),(969, 27),(970, 25),(970, 26),(971, 27),(971, 24),(972, 30),(972, 29),(973, 26),(973, 30),(974, 25),(974, 24),(975, 24),(975, 29),(976, 29),(976, 30),(977, 28),(977, 25),(978, 26),(978, 30),(979, 28),(979, 24),(980, 28),(980, 30),(981, 29),(981, 25),(982, 28),(982, 27),(983, 29),(983, 25),(984, 28),(984, 30),(985, 30),(985, 24),(986, 27),(986, 26),(987, 25),(987, 30),(988, 25),(988, 28),(989, 25),(989, 26),(990, 29),(990, 30),(991, 26),(991, 24),(992, 24),(992, 29),(993, 29),(993, 25),(994, 28),(994, 30),(995, 27),(995, 24),(996, 24),(996, 27),(997, 27),(997, 30),(998, 30),(998, 25),(999, 25),(999, 30),(1000, 26),(1000, 28),(1001, 25),(1001, 30),(1002, 28),(1002, 29),(1003, 28),(1003, 27),(1004, 28),(1004, 29),(1005, 25),(1005, 27),(1006, 25),(1006, 28),(1007, 28),(1007, 26),(1008, 27),(1008, 24),(1009, 27),(1009, 29),(1010, 28),(1010, 27),(1011, 25),(1011, 24),(1012, 29),(1012, 30),(1013, 30),(1013, 26),(1014, 26),(1014, 29),(1015, 29),(1015, 28),(1016, 30),(1016, 24),(1017, 24),(1017, 28),(1018, 28),(1018, 29),(1019, 25),(1019, 24),(1020, 24),(1020, 27),(1021, 30),(1021, 28),(1022, 28),(1022, 27),(1023, 30),(1023, 25),(1024, 30),(1024, 27),(1025, 25),(1025, 26),(1026, 25),(1026, 30),(1027, 27),(1027, 25),(1028, 25),(1028, 28),(1029, 28),(1029, 30),(1030, 27),(1030, 26),(1031, 26),(1031, 25),(1032, 28),(1032, 29),(1033, 28),(1033, 25),(1034, 25),(1034, 24),(1035, 24),(1035, 29),(1036, 25),(1036, 24),(1037, 26),(1037, 30),(1038, 25),(1038, 24),(1039, 26),(1039, 28),(1040, 25),(1040, 27),(1041, 30),(1041, 25),(1042, 25),(1042, 29),(1043, 29),(1043, 28),(1044, 30),(1044, 24),(1045, 24),(1045, 29),(1046, 29),(1046, 30),(1047, 25),(1047, 24),(1048, 30),(1048, 27),(1049, 29),(1049, 24),(1050, 29),(1050, 28),(1051, 31),(1051, 35),(1052, 35),(1052, 34),(1053, 32),(1053, 31),(1054, 31),(1054, 33),(1055, 31),(1055, 34),(1056, 33),(1056, 35),(1057, 33),(1057, 34),(1058, 34),(1058, 31),(1059, 31),(1059, 34),(1060, 32),(1060, 31),(1061, 31),(1061, 35),(1062, 33),(1062, 31),(1063, 34),(1063, 33),(1064, 35),(1064, 34),(1065, 32),(1065, 35),(1066, 35),(1066, 31),(1067, 32),(1067, 34),(1068, 34),(1068, 35),(1069, 35),(1069, 32),(1070, 32),(1070, 35),(1071, 35),(1071, 32),(1072, 32),(1072, 31),(1073, 31),(1073, 33),(1074, 33),(1074, 35),(1075, 31),(1075, 34),(1076, 32),(1076, 33),(1077, 32),(1077, 31),(1078, 31),(1078, 35),(1079, 31),(1079, 32),(1080, 35),(1080, 33),(1081, 32),(1081, 34),(1082, 32),(1082, 35),(1083, 34),(1083, 31),(1084, 31),(1084, 35),(1085, 35),(1085, 31),(1086, 31),(1086, 32),(1087, 31),(1087, 35),(1088, 35),(1088, 32),(1089, 31),(1089, 33),(1090, 35),(1090, 32),(1091, 34),(1091, 31),(1092, 32),(1092, 33),(1093, 32),(1093, 34),(1094, 34),(1094, 35),(1095, 34),(1095, 31),(1096, 34),(1096, 32),(1097, 31),(1097, 35),(1098, 31),(1098, 34),(1099, 31),(1099, 33),(1100, 33),(1100, 32),(1101, 34),(1101, 35),(1102, 33),(1102, 32),(1103, 34),(1103, 35),(1104, 34),(1104, 31),(1105, 35),(1105, 33),(1106, 34),(1106, 32),(1107, 32),(1107, 34),(1108, 31),(1108, 35),(1109, 35),(1109, 33),(1110, 35),(1110, 34),(1111, 34),(1111, 33),(1112, 32),(1112, 31),(1113, 32),(1113, 34),(1114, 32),(1114, 31),(1115, 31),(1115, 34),(1116, 32),(1116, 31),(1117, 31),(1117, 34),(1118, 34),(1118, 32),(1119, 31),(1119, 33),(1120, 35),(1120, 31),(1121, 31),(1121, 35),(1122, 32),(1122, 34),(1123, 31),(1123, 35),(1124, 35),(1124, 31),(1125, 31),(1125, 32),(1126, 31),(1126, 35),(1127, 32),(1127, 34),(1128, 32),(1128, 35),(1129, 32),(1129, 31),(1130, 31),(1130, 32),(1131, 32),(1131, 35),(1132, 35),(1132, 31),(1133, 31),(1133, 34),(1134, 31),(1134, 35),(1135, 31),(1135, 32),(1136, 31),(1136, 35),(1137, 35),(1137, 34),(1138, 34),(1138, 32),(1139, 32),(1139, 34),(1140, 32),(1140, 31),(1141, 34),(1141, 35),(1142, 33),(1142, 31),(1143, 31),(1143, 35),(1144, 33),(1144, 34),(1145, 32),(1145, 31),(1146, 33),(1146, 35),(1147, 33),(1147, 32),(1148, 32),(1148, 31),(1149, 33),(1149, 35),(1150, 32),(1150, 34),(1151, 35),(1151, 33),(1152, 33),(1152, 32),(1153, 34),(1153, 35),(1154, 34),(1154, 32),(1155, 34),(1155, 33),(1156, 32),(1156, 31),(1157, 34),(1157, 33),(1158, 33),(1158, 31),(1159, 31),(1159, 34),(1160, 34),(1160, 35),(1161, 34),(1161, 32),(1162, 34),(1162, 35),(1163, 34),(1163, 31),(1164, 32),(1164, 33),(1165, 33),(1165, 32),(1166, 32),(1166, 34),(1167, 34),(1167, 33),(1168, 35),(1168, 34),(1169, 31),(1169, 33),(1170, 31),(1170, 34),(1171, 34),(1171, 31),(1172, 34),(1172, 35),(1173, 32),(1173, 31),(1174, 32),(1174, 34),(1175, 34),(1175, 33),(1176, 35),(1176, 31),(1177, 34),(1177, 35),(1178, 35),(1178, 31),(1179, 31),(1179, 35),(1180, 35),(1180, 32),(1181, 34),(1181, 31),(1182, 31),(1182, 33),(1183, 33),(1183, 31),(1184, 32),(1184, 33),(1185, 33),(1185, 34),(1186, 34),(1186, 31),(1187, 31),(1187, 35),(1188, 31),(1188, 34),(1189, 32),(1189, 31),(1190, 31),(1190, 33),(1191, 33),(1191, 35),(1192, 35),(1192, 32),(1193, 34),(1193, 33),(1194, 35),(1194, 31),(1195, 35),(1195, 33),(1196, 33),(1196, 34),(1197, 34),(1197, 31),(1198, 32),(1198, 35),(1199, 34),(1199, 31),(1200, 34),(1200, 32);


